Workbook

Sheet Rådata
A1: Resultater Delstudie 1 – Origami | Rådata (J = Ja/korrekt, N = Nei/feil)
A2: J = Ja, korrekt | C2: N = Nei, feil
D3: Modell 1 Zero-shot | H3: Modell 2 Few-shot
A4: Paragraf | B4: Prompt nr. | C4: Paragraf navn | D4: kjøring 1 | E4: kjøring 2 | F4: kjøring 3 | G4: kjøring 4 | H4: kjøring 1 | I4: kjøring 2 | J4: kjøring 3 | K4: kjøring 4
A5: ── Case 1 ──
A6: §11-2 | B6: 1 | C6: Risikoklasse | D6: J | E6: J | F6: J | G6: J | H6: J | I6: J | J6: J | K6: J
A7: §11-3 | B7: 2 | C7: Brannklasse | D7: J | E7: J | F7: J | G7: N | H7: J | I7: J | J7: J | K7: J
A8: §11-4 | B8: 3 | C8: Bærende Hovedsystem | D8: N | E8: N | F8: N | G8: N | H8: J | I8: J | J8: J | K8: N
A9: §11-4 | B9: 4 | C9: Sekundære bærende bygningsdeler, etasjeskillere og takkonstruksjoner som ikke er del av hovedbæresystem eller stabiliserende | D9: N | E9: N | F9: N | G9: N | H9: J | I9: N | J9: J | K9: J
A10: §11-4 | B10: 5 | C10: Trappeløp | D10: J | E10: N | F10: N | G10: J | H10: N | I10: J | J10: J | K10: J
A11: §11-4 | B11: 6 | C11: Bærende bygningsdeler under øverste kjeller | D11: N | E11: N | F11: N | G11: N | H11: J | I11: N | J11: J | K11: N
A12: §11-4 | B12: 7 | C12: Utvendig trappeløp, beskyttet mot flammepåvirkning og strålevarme | D12: J | E12: J | F12: J | G12: J | H12: J | I12: J | J12: J | K12: J
A13: Summer J (korrekt) | D13: =COUNTIF(D6:D12,"J") -> 4 | E13: =COUNTIF(E6:E12,"J") -> 3 | F13: =COUNTIF(F6:F12,"J") -> 3 | G13: =COUNTIF(G6:G12,"J") -> 3 | H13: =COUNTIF(H6:H12,"J") -> 6 | I13: =COUNTIF(I6:I12,"J") -> 5 | J13: =COUNTIF(J6:J12,"J") -> 7 | K13: =COUNTIF(K6:K12,"J") -> 5
A14: Summer N (feil) | D14: =COUNTIF(D6:D12,"N") -> 3 | E14: =COUNTIF(E6:E12,"N") -> 4 | F14: =COUNTIF(F6:F12,"N") -> 4 | G14: =COUNTIF(G6:G12,"N") -> 4 | H14: =COUNTIF(H6:H12,"N") -> 1 | I14: =COUNTIF(I6:I12,"N") -> 2 | J14: =COUNTIF(J6:J12,"N") -> 0 | K14: =COUNTIF(K6:K12,"N") -> 2
A15: Totalt felt (ekskl. begr.) | D15: 7 | E15: 7 | F15: 7 | G15: 7 | H15: 7 | I15: 7 | J15: 7 | K15: 7
A16: Precision % | D16: =IFERROR(D13/D15,0) -> 0.57142857 | E16: =IFERROR(E13/E15,0) -> 0.42857143 | F16: =IFERROR(F13/F15,0) -> 0.42857143 | G16: =IFERROR(G13/G15,0) -> 0.42857143 | H16: =IFERROR(H13/H15,0) -> 0.85714286 | I16: =IFERROR(I13/I15,0) -> 0.71428571 | J16: =IFERROR(J13/J15,0) -> 1 | K16: =IFERROR(K13/K15,0) -> 0.71428571
A18: ── Case 2 ──
A19: §11-2 | B19: 1 | C19: Risikoklasse | D19: N | E19: N | F19: N | G19: N | H19: J | I19: J | J19: J | K19: J
A20: §11-3 | B20: 2 | C20: Brannklasse | D20: J | E20: J | F20: J | G20: J | H20: J | I20: J | J20: J | K20: J
A21: §11-4 | B21: 3 | C21: Bærende Hovedsystem | D21: N | E21: N | F21: N | G21: N | H21: J | I21: J | J21: J | K21: J
A22: §11-4 | B22: 4 | C22: Sekundære bærende bygningsdeler, etasjeskillere og takkonstruksjoner som ikke er del av hovedbæresystem eller stabiliserende | D22: N | E22: J | F22: N | G22: N | H22: J | I22: J | J22: J | K22: J
A23: §11-4 | B23: 5 | C23: Trappeløp | D23: N | E23: N | F23: N | G23: N | H23: J | I23: J | J23: J | K23: J
A24: §11-4 | B24: 6 | C24: Bærende bygningsdeler under øverste kjeller | D24: J | E24: N | F24: N | G24: J | H24: J | I24: J | J24: J | K24: J
A25: §11-4 | B25: 7 | C25: Utvendig trappeløp, beskyttet mot flammepåvirkning og strålevarme | D25: J | E25: J | F25: J | G25: J | H25: J | I25: J | J25: J | K25: J
A26: Summer J (korrekt) | D26: =COUNTIF(D19:D25,"J") -> 3 | E26: =COUNTIF(E19:E25,"J") -> 3 | F26: =COUNTIF(F19:F25,"J") -> 2 | G26: =COUNTIF(G19:G25,"J") -> 3 | H26: =COUNTIF(H19:H25,"J") -> 7 | I26: =COUNTIF(I19:I25,"J") -> 7 | J26: =COUNTIF(J19:J25,"J") -> 7 | K26: =COUNTIF(K19:K25,"J") -> 7
A27: Summer N (feil) | D27: =COUNTIF(D19:D25,"N") -> 4 | E27: =COUNTIF(E19:E25,"N") -> 4 | F27: =COUNTIF(F19:F25,"N") -> 5 | G27: =COUNTIF(G19:G25,"N") -> 4 | H27: =COUNTIF(H19:H25,"N") -> 0 | I27: =COUNTIF(I19:I25,"N") -> 0 | J27: =COUNTIF(J19:J25,"N") -> 0 | K27: =COUNTIF(K19:K25,"N") -> 0
A28: Totalt felt (ekskl. begr.) | D28: 7 | E28: 7 | F28: 7 | G28: 7 | H28: 7 | I28: 7 | J28: 7 | K28: 7
A29: Precision % | D29: =IFERROR(D26/D28,0) -> 0.42857143 | E29: =IFERROR(E26/E28,0) -> 0.42857143 | F29: =IFERROR(F26/F28,0) -> 0.28571429 | G29: =IFERROR(G26/G28,0) -> 0.42857143 | H29: =IFERROR(H26/H28,0) -> 1 | I29: =IFERROR(I26/I28,0) -> 1 | J29: =IFERROR(J26/J28,0) -> 1 | K29: =IFERROR(K26/K28,0) -> 1
A31: ── Case 3 ──
A32: §11-2 | B32: 1 | C32: Risikoklasse | D32: N | E32: N | F32: J | G32: N | H32: J | I32: J | J32: J | K32: J
A33: §11-3 | B33: 2 | C33: Brannklasse | D33: N | E33: J | F33: J | G33: J | H33: J | I33: J | J33: J | K33: J
A34: §11-4 | B34: 3 | C34: Bærende Hovedsystem | D34: N | E34: N | F34: N | G34: N | H34: J | I34: N | J34: J | K34: N
A35: §11-4 | B35: 4 | C35: Sekundære bærende bygningsdeler, etasjeskillere og takkonstruksjoner som ikke er del av hovedbæresystem eller stabiliserende | D35: N | E35: N | F35: N | G35: N | H35: J | I35: J | J35: J | K35: J
A36: §11-4 | B36: 5 | C36: Trappeløp | D36: N | E36: N | F36: N | G36: N | H36: J | I36: J | J36: J | K36: J
A37: §11-4 | B37: 6 | C37: Bærende bygningsdeler under øverste kjeller | D37: N | E37: N | F37: N | G37: N | H37: J | I37: J | J37: J | K37: N
A38: §11-4 | B38: 7 | C38: Utvendig trappeløp, beskyttet mot flammepåvirkning og strålevarme | D38: J | E38: J | F38: J | G38: J | H38: J | I38: J | J38: J | K38: J
A39: Summer J (korrekt) | D39: 1 | E39: =COUNTIF(E32:E38,"J") -> 2 | F39: =COUNTIF(F32:F38,"J") -> 3 | G39: =COUNTIF(G32:G38,"J") -> 2 | H39: =COUNTIF(H32:H38,"J") -> 7 | I39: =COUNTIF(I32:I38,"J") -> 6 | J39: =COUNTIF(J32:J38,"J") -> 7 | K39: =COUNTIF(K32:K38,"J") -> 5
A40: Summer N (feil) | D40: 6 | E40: =COUNTIF(E32:E38,"N") -> 5 | F40: =COUNTIF(F32:F38,"N") -> 4 | G40: =COUNTIF(G32:G38,"N") -> 5 | H40: =COUNTIF(H32:H38,"N") -> 0 | I40: =COUNTIF(I32:I38,"N") -> 1 | J40: =COUNTIF(J32:J38,"N") -> 0 | K40: =COUNTIF(K32:K38,"N") -> 2
A41: Totalt felt (ekskl. begr.) | D41: 7 | E41: 7 | F41: 7 | G41: 7 | H41: 7 | I41: 7 | J41: 7 | K41: 7
A42: Precision % | D42: =IFERROR(D39/D41,0) -> 0.14285714 | E42: =IFERROR(E39/E41,0) -> 0.28571429 | F42: =IFERROR(F39/F41,0) -> 0.42857143 | G42: =IFERROR(G39/G41,0) -> 0.28571429 | H42: =IFERROR(H39/H41,0) -> 1 | I42: =IFERROR(I39/I41,0) -> 0.85714286 | J42: =IFERROR(J39/J41,0) -> 1 | K42: =IFERROR(K39/K41,0) -> 0.71428571

Sheet Analyse og resultater
A1: Analyse – Delstudie 1: Origami | Precision per case og modell
A2: Tabell A – Precision per kjøring, per case og modell
B3: Case | C3: Modell | D3: Kjøring 1 | E3: Kjøring 2 | F3: Kjøring 3 | G3: Kjøring 4 | H3: Gj.snitt Precision | I3: Sum J (alle kjør.) | J3: Sum N (alle kjør.) | K3: Eval. felt totalt
B4: Case 1 – Barnehage | C4: M1 – Zero-shot | D4: =Rådata!D16 -> 0.57142857 | E4: =Rådata!E16 -> 0.42857143 | F4: =Rådata!F16 -> 0.42857143 | G4: =Rådata!G16 -> 0.42857143 | H4: =AVERAGE(D4:G4) -> 0.46428571 | I4: =Rådata!D13+Rådata!E13+Rådata!F13+Rådata!G13 -> 13 | J4: =Rådata!D14+Rådata!E14+Rådata!F14+Rådata!G14 -> 15 | K4: =+I4+J4 -> 28
B5: Case 1 – Barnehage | C5: M2 – Few-shot | D5: =Rådata!H16 -> 0.85714286 | E5: =Rådata!I16 -> 0.71428571 | F5: =Rådata!J16 -> 1 | G5: =Rådata!K16 -> 0.71428571 | H5: =AVERAGE(D5:G5) -> 0.82142857 | I5: =Rådata!H13+Rådata!I13+Rådata!J13+Rådata!K13 -> 23 | J5: =Rådata!H14+Rådata!I14+Rådata!J14+Rådata!K14 -> 5 | K5: =+I5+J5 -> 28
B7: Case 2 – Sykehus | C7: M1 – Zero-shot | D7: =Rådata!D29 -> 0.42857143 | E7: =Rådata!E29 -> 0.42857143 | F7: =Rådata!F29 -> 0.28571429 | G7: =Rådata!G29 -> 0.42857143 | H7: =AVERAGE(D7:G7) -> 0.39285714 | I7: =Rådata!D26+Rådata!E26+Rådata!F26+Rådata!G26 -> 11 | J7: =Rådata!D27+Rådata!E27+Rådata!F27+Rådata!G27 -> 17 | K7: =+I7+J7 -> 28
B8: Case 2 – Sykehus | C8: M2 – Few-shot | D8: =Rådata!H29 -> 1 | E8: =Rådata!I29 -> 1 | F8: =Rådata!J29 -> 1 | G8: =Rådata!K29 -> 1 | H8: =AVERAGE(D8:G8) -> 1 | I8: =Rådata!H26+Rådata!I26+Rådata!J26+Rådata!K26 -> 28 | J8: =Rådata!H27+Rådata!I27+Rådata!J27+Rådata!K27 -> 0 | K8: =+I8+J8 -> 28
B10: Case 3 – Hudklinikk | C10: M1 – Zero-shot | D10: =Rådata!D42 -> 0.14285714 | E10: =Rådata!E42 -> 0.28571429 | F10: =Rådata!F42 -> 0.42857143 | G10: =Rådata!G42 -> 0.28571429 | H10: =AVERAGE(D10:G10) -> 0.28571429 | I10: =Rådata!D39+Rådata!E39+Rådata!F39+Rådata!G39 -> 8 | J10: =Rådata!D40+Rådata!E40+Rådata!F40+Rådata!G40 -> 20 | K10: =+I10+J10 -> 28
B11: Case 3 – Hudklinikk | C11: M2 – Few-shot | D11: =Rådata!H42 -> 1 | E11: =Rådata!I42 -> 0.85714286 | F11: =Rådata!J42 -> 1 | G11: =Rådata!K42 -> 0.71428571 | H11: =AVERAGE(D11:G11) -> 0.89285714 | I11: =Rådata!H39+Rådata!I39+Rådata!J39+Rådata!K39 -> 25 | J11: =Rådata!H40+Rådata!I40+Rådata!J40+Rådata!K40 -> 3 | K11: =+I11+J11 -> 28
A14: Samlet gjennomsnitt per modell – alle caser og kjøringer
C15: M1 – Zero-shot | H15: =AVERAGE(H4,H7,H10) -> 0.38095238
C16: M2 – Few-shot | H16: =AVERAGE(H5,H8,H11) -> 0.9047619
A19: Tabell B – Feltvis analyse: andel korrekte svar per felt over 4 kjøringer (maks = 4)
B20: Felt / kravkategori | C20: Prompt nr. | D20: C1 M1 ZS | E20: C1 M2 FS | F20: C2 M1 ZS | G20: C2 M2 FS | H20: C3 M1 ZS | I20: C3 M2 FS
B21: Risikoklasse (§ 11-2) | C21: 1 | D21: =SUMPRODUCT(([1]Rådata!D6:G6="J")*1) -> 4 | E21: =SUMPRODUCT(([1]Rådata!H6:K6="J")*1) -> 4 | F21: =SUMPRODUCT(([1]Rådata!D19:G19="J")*1) -> 0 | G21: =SUMPRODUCT(([1]Rådata!H19:K19="J")*1) -> 4 | H21: =SUMPRODUCT(([1]Rådata!D32:G32="J")*1) -> 1 | I21: =SUMPRODUCT(([1]Rådata!H32:K32="J")*1) -> 4
B22: Brannklasse (§ 11-3) | C22: 2 | D22: =SUMPRODUCT(([1]Rådata!D7:G7="J")*1) -> 3 | E22: =SUMPRODUCT(([1]Rådata!H7:K7="J")*1) -> 4 | F22: =SUMPRODUCT(([1]Rådata!D20:G20="J")*1) -> 4 | G22: =SUMPRODUCT(([1]Rådata!H20:K20="J")*1) -> 4 | H22: =SUMPRODUCT(([1]Rådata!D33:G33="J")*1) -> 3 | I22: =SUMPRODUCT(([1]Rådata!H33:K33="J")*1) -> 4
B23: Bærende Hovedsystem (§ 11-4) | C23: 3 | D23: =SUMPRODUCT(([1]Rådata!D8:G8="J")*1) -> 0 | E23: =SUMPRODUCT(([1]Rådata!H8:K8="J")*1) -> 3 | F23: =SUMPRODUCT(([1]Rådata!D21:G21="J")*1) -> 0 | G23: =SUMPRODUCT(([1]Rådata!H21:K21="J")*1) -> 4 | H23: =SUMPRODUCT(([1]Rådata!D34:G34="J")*1) -> 0 | I23: =SUMPRODUCT(([1]Rådata!H34:K34="J")*1) -> 2
B24: Sekundære bærende bygningsdeler, etasjeskillere og takkonstruksjoner (§ 11-4) | C24: 4 | D24: =SUMPRODUCT(([1]Rådata!D9:G9="J")*1) -> 0 | E24: =SUMPRODUCT(([1]Rådata!H9:K9="J")*1) -> 3 | F24: =SUMPRODUCT(([1]Rådata!D22:G22="J")*1) -> 1 | G24: =SUMPRODUCT(([1]Rådata!H22:K22="J")*1) -> 4 | H24: =SUMPRODUCT(([1]Rådata!D35:G35="J")*1) -> 0 | I24: =SUMPRODUCT(([1]Rådata!H35:K35="J")*1) -> 4
B25: Trappeløp (§ 11-4) | C25: 5 | D25: =SUMPRODUCT(([1]Rådata!D10:G10="J")*1) -> 2 | E25: =SUMPRODUCT(([1]Rådata!H10:K10="J")*1) -> 3 | F25: =SUMPRODUCT(([1]Rådata!D23:G23="J")*1) -> 0 | G25: =SUMPRODUCT(([1]Rådata!H23:K23="J")*1) -> 4 | H25: =SUMPRODUCT(([1]Rådata!D36:G36="J")*1) -> 0 | I25: =SUMPRODUCT(([1]Rådata!H36:K36="J")*1) -> 4
B26: Bærende bygningsdeler under øverste kjeller (§ 11-4) | C26: 6 | D26: =SUMPRODUCT(([1]Rådata!D11:G11="J")*1) -> 0 | E26: =SUMPRODUCT(([1]Rådata!H11:K11="J")*1) -> 2 | F26: =SUMPRODUCT(([1]Rådata!D24:G24="J")*1) -> 2 | G26: =SUMPRODUCT(([1]Rådata!H24:K24="J")*1) -> 4 | H26: =SUMPRODUCT(([1]Rådata!D37:G37="J")*1) -> 0 | I26: =SUMPRODUCT(([1]Rådata!H37:K37="J")*1) -> 3
B27: Utvendig trappeløp, beskyttet mot flammepåvirkning og strålevarme (§ 11-4) | C27: 7 | D27: =SUMPRODUCT(([1]Rådata!D12:G12="J")*1) -> 4 | E27: =SUMPRODUCT(([1]Rådata!H12:K12="J")*1) -> 4 | F27: =SUMPRODUCT(([1]Rådata!D25:G25="J")*1) -> 4 | G27: =SUMPRODUCT(([1]Rådata!H25:K25="J")*1) -> 4 | H27: =SUMPRODUCT(([1]Rådata!D38:G38="J")*1) -> 3 | I27: =SUMPRODUCT(([1]Rådata!H38:K38="J")*1) -> 4
A30: Notat – Observerte feiltyper i M1 (Zero-shot) for §11-4-feltene
B31: 1. Feil verdi: modellen returnerte feil brannmotstandsklasse, f.eks. R 120 A2-s1,d0 i stedet for R 60 A2-s1,d0
B32: 2. Delvis svar: riktig R-verdi men manglende materialklassifikasjon, f.eks. «R 60» i stedet for «R 60 A2-s1,d0»
B33: 3. Strek / ingen verdi: modellen returnerte «–» uten begrunnelse
B34: 4. Utilstrekkelig informasjon: modellen meldte at inndata ikke var tilstrekkelig, men uten å angi hva som manglet
B35: → Samtlige feiltyper er Type 1-hallusinasjoner: modellen presenterer feil eller ufullstendig output uten varsling til bruker

Sheet Instruksjoner
B1: Instruksjoner for utfylling
B3: 1. Gå til fanen «Rådata»
B4: 2. Fyll inn J (korrekt) eller N (feil) i de gule inputcellene for hver kjøring
B5: 4. Precision % beregnes automatisk per kjøring og modell basert på COUNTIF-formler
B6: 5. Gå til fanen «Analyse og resultater» for å se gjennomsnittlig Precision per case, modell og samlet
B8: Feltstruktur per case (13 felt totalt, 12 evaluerbare):
B9: §11-2: Risikoklasse (prompt 1)
B10: §11-3: Brannklasse (prompt 2)
B11: §11-4: Bærende Hovedsystem (prompt 3)
B12: §11-4: Sekundære bærende bygningsdeler mv. (prompt 4)
B13: §11-4: Trappeløp (prompt 5)
B14: §11-4: Bærende bygningsdeler under øverste kjeller (prompt 6)
B15: §11-4: Utvendig trappeløp, beskyttet mot flammepåvirkning og strålevarme (prompt 7)
