Workbook

Sheet Rådata
A1: Resultater Delstudie 1 – Origami | Rådata (J = Ja/korrekt, N = Nei/feil)
A2: J = Ja, korrekt | C2: N = Nei, feil
D3: Modell 1 Zero-shot | H3: Modell 2 Few-shot
A4: Paragraf | B4: Prompt nr. | C4: Paragraf navn | D4: kjøring 1 | E4: kjøring 2 | F4: kjøring 3 | G4: kjøring 4 | H4: kjøring 1 | I4: kjøring 2 | J4: kjøring 3 | K4: kjøring 4
A5: ── Case 1 ──
A6: §11-2 | B6: 1 | C6: Risikoklasse | D6: J | E6: J | F6: J | G6: J | H6: J | I6: J | J6: J | K6: J
A7: §11-3 | B7: 2 | C7: Brannklasse | D7: J | E7: J | F7: J | G7: N | H7: J | I7: J | J7: J | K7: J
A8: §11-4 | B8: 3 | C8: Bærende Hovedsystem | D8: N | E8: N | F8: N | G8: N | H8: J | I8: J | J8: J | K8: N
A9: §11-4 | B9: 4 | C9: Sekundære bærende bygningsdeler, etasjeskillere og takkonstruksjoner som ikke er del av hovedbæresystem eller stabiliserende | D9: N | E9: N | F9: N | G9: N | H9: J | I9: N | J9: J | K9: J
A10: §11-4 | B10: 5 | C10: Trappeløp | D10: J | E10: N | F10: N | G10: J | H10: N | I10: J | J10: J | K10: J
A11: §11-4 | B11: 6 | C11: Bærende bygningsdeler under øverste kjeller | D11: N | E11: N | F11: N | G11: N | H11: J | I11: N | J11: J | K11: N
A12: §11-4 | B12: 7 | C12: Utvendig trappeløp, beskyttet mot flammepåvirkning og strålevarme | D12: J | E12: J | F12: J | G12: J | H12: J | I12: J | J12: J | K12: J
A13: Summer J (korrekt) | D13: =COUNTIF(D6:D12,"J") -> 4 | E13: =COUNTIF(E6:E12,"J") -> 3 | F13: =COUNTIF(F6:F12,"J") -> 3 | G13: =COUNTIF(G6:G12,"J") -> 3 | H13: =COUNTIF(H6:H12,"J") -> 6 | I13: =COUNTIF(I6:I12,"J") -> 5 | J13: =COUNTIF(J6:J12,"J") -> 7 | K13: =COUNTIF(K6:K12,"J") -> 5
A14: Summer N (feil) | D14: =COUNTIF(D6:D12,"N") -> 3 | E14: =COUNTIF(E6:E12,"N") -> 4 | F14: =COUNTIF(F6:F12,"N") -> 4 | G14: =COUNTIF(G6:G12,"N") -> 4 | H14: =COUNTIF(H6:H12,"N") -> 1 | I14: =COUNTIF(I6:I12,"N") -> 2 | J14: =COUNTIF(J6:J12,"N") -> 0 | K14: =COUNTIF(K6:K12,"N") -> 2
A15: Totalt felt (ekskl. begr.) | D15: 7 | E15: 7 | F15: 7 | G15: 7 | H15: 7 | I15: 7 | J15: 7 | K15: 7
A16: Precision % | D16: =IFERROR(D13/D15,0) -> 0.57142857 | E16: =IFERROR(E13/E15,0) -> 0.42857143 | F16: =IFERROR(F13/F15,0) -> 0.42857143 | G16: =IFERROR(G13/G15,0) -> 0.42857143 | H16: =IFERROR(H13/H15,0) -> 0.85714286 | I16: =IFERROR(I13/I15,0) -> 0.71428571 | J16: =IFERROR(J13/J15,0) -> 1 | K16: =IFERROR(K13/K15,0) -> 0.71428571
A18: ── Case 2 ──
A19: §11-2 | B19: 1 | C19: Risikoklasse | D19: N | E19: N | F19: N | G19: N | H19: J | I19: J | J19: J | K19: J
A20: §11-3 | B20: 2 | C20: Brannklasse | D20: J | E20: J | F20: J | G20: J | H20: J | I20: J | J20: J | K20: J
A21: §11-4 | B21: 3 | C21: Bærende Hovedsystem | D21: N | E21: N | F21: N | G21: N | H21: J | I21: J | J21: J | K21: J
A22: §11-4 | B22: 4 | C22: Sekundære bærende bygningsdeler, etasjeskillere og takkonstruksjoner som ikke er del av hovedbæresystem eller stabiliserende | D22: N | E22: J | F22: N | G22: N | H22: J | I22: J | J22: J | K22: J
A23: §11-4 | B23: 5 | C23: Trappeløp | D23: N | E23: N | F23: N | G23: N | H23: J | I23: J | J23: J | K23: J
A24: §11-4 | B24: 6 | C24: Bærende bygningsdeler under øverste kjeller | D24: J | E24: N | F24: N | G24: J | H24: J | I24: J | J24: J | K24: J
A25: §11-4 | B25: 7 | C25: Utvendig trappeløp, beskyttet mot flammepåvirkning og strålevarme | D25: J | E25: J | F25: J | G25: J | H25: J | I25: J | J25: J | K25: J
A26: Summer J (korrekt) | D26: =COUNTIF(D19:D25,"J") -> 3 | E26: =COUNTIF(E19:E25,"J") -> 3 | F26: =COUNTIF(F19:F25,"J") -> 2 | G26: =COUNTIF(G19:G25,"J") -> 3 | H26: =COUNTIF(H19:H25,"J") -> 7 | I26: =COUNTIF(I19:I25,"J") -> 7 | J26: =COUNTIF(J19:J25,"J") -> 7 | K26: =COUNTIF(K19:K25,"J") -> 7
A27: Summer N (feil) | D27: =COUNTIF(D19:D25,"N") -> 4 | E27: =COUNTIF(E19:E25,"N") -> 4 | F27: =COUNTIF(F19:F25,"N") -> 5 | G27: =COUNTIF(G19:G25,"N") -> 4 | H27: =COUNTIF(H19:H25,"N") -> 0 | I27: =COUNTIF(I19:I25,"N") -> 0 | J27: =COUNTIF(J19:J25,"N") -> 0 | K27: =COUNTIF(K19:K25,"N") -> 0
A28: Totalt felt (ekskl. begr.) | D28: 7 | E28: 7 | F28: 7 | G28: 7 | H28: 7 | I28: 7 | J28: 7 | K28: 7
A29: Precision % | D29: =IFERROR(D26/D28,0) -> 0.42857143 | E29: =IFERROR(E26/E28,0) -> 0.42857143 | F29: =IFERROR(F26/F28,0) -> 0.28571429 | G29: =IFERROR(G26/G28,0) -> 0.42857143 | H29: =IFERROR(H26/H28,0) -> 1 | I29: =IFERROR(I26/I28,0) -> 1 | J29: =IFERROR(J26/J28,0) -> 1 | K29: =IFERROR(K26/K28,0) -> 1
A31: ── Case 3 ──
A32: §11-2 | B32: 1 | C32: Risikoklasse | D32: N | E32: N | F32: J | G32: N | H32: J | I32: J | J32: J | K32: J
A33: §11-3 | B33: 2 | C33: Brannklasse | D33: N | E33: J | F33: J | G33: J | H33: J | I33: J | J33: J | K33: J
A34: §11-4 | B34: 3 | C34: Bærende Hovedsystem | D34: N | E34: N | F34: N | G34: N | H34: J | I34: N | J34: J | K34: N
A35: §11-4 | B35: 4 | C35: Sekundære bærende bygningsdeler, etasjeskillere og takkonstruksjoner som ikke er del av hovedbæresystem eller stabiliserende | D35: N | E35: N | F35: N | G35: N | H35: J | I35: J | J35: J | K35: J
A36: §11-4 | B36: 5 | C36: Trappeløp | D36: N | E36: N | F36: N | G36: N | H36: J | I36: J | J36: J | K36: J
A37: §11-4 | B37: 6 | C37: Bærende bygningsdeler under øverste kjeller | D37: N | E37: N | F37: N | G37: N | H37: J | I37: J | J37: J | K37: N
A38: §11-4 | B38: 7 | C38: Utvendig trappeløp, beskyttet mot flammepåvirkning og strålevarme | D38: J | E38: J | F38: J | G38: J | H38: J | I38: J | J38: J | K38: J
A39: Summer J (korrekt) | D39: =COUNTIF(D32:D38,"J") -> 1 | E39: =COUNTIF(E32:E38,"J") -> 2 | F39: =COUNTIF(F32:F38,"J") -> 3 | G39: =COUNTIF(G32:G38,"J") -> 2 | H39: =COUNTIF(H32:H38,"J") -> 7 | I39: =COUNTIF(I32:I38,"J") -> 6 | J39: =COUNTIF(J32:J38,"J") -> 7 | K39: =COUNTIF(K32:K38,"J") -> 5
A40: Summer N (feil) | D40: =COUNTIF(D32:D38,"N") -> 6 | E40: =COUNTIF(E32:E38,"N") -> 5 | F40: =COUNTIF(F32:F38,"N") -> 4 | G40: =COUNTIF(G32:G38,"N") -> 5 | H40: =COUNTIF(H32:H38,"N") -> 0 | I40: =COUNTIF(I32:I38,"N") -> 1 | J40: =COUNTIF(J32:J38,"N") -> 0 | K40: =COUNTIF(K32:K38,"N") -> 2
A41: Totalt felt (ekskl. begr.) | D41: 7 | E41: 7 | F41: 7 | G41: 7 | H41: 7 | I41: 7 | J41: 7 | K41: 7
A42: Precision % | D42: =IFERROR(D39/D41,0) -> 0.14285714 | E42: =IFERROR(E39/E41,0) -> 0.28571429 | F42: =IFERROR(F39/F41,0) -> 0.42857143 | G42: =IFERROR(G39/G41,0) -> 0.28571429 | H42: =IFERROR(H39/H41,0) -> 1 | I42: =IFERROR(I39/I41,0) -> 0.85714286 | J42: =IFERROR(J39/J41,0) -> 1 | K42: =IFERROR(K39/K41,0) -> 0.71428571

Sheet Case 1
D1: Modell 1 Zero-shot | H1: Modell 2 Few-shot
C2: ── Case 1 ── | D2: kjøring 1 | E2: kjøring 2 | F2: kjøring 3 | G2: kjøring 4 | H2: kjøring 1 | I2: kjøring 2 | J2: kjøring 3 | K2: kjøring 4
C3: Summer J (korrekt) | D3: 4 | E3: 3 | F3: 3 | G3: 3 | H3: 6 | I3: 5 | J3: 7 | K3: 5
C4: Summer N (feil) | D4: 3 | E4: 4 | F4: 4 | G4: 4 | H4: 1 | I4: 2 | J4: 0 | K4: 2

Sheet Case 2
G4: Modell 1 Zero-shot | K4: Modell 2 Few-shot
F5: ── Case 2 ── | G5: kjøring 1 | H5: kjøring 2 | I5: kjøring 3 | J5: kjøring 4 | K5: kjøring 1 | L5: kjøring 2 | M5: kjøring 3 | N5: kjøring 4
F6: Summer J (korrekt) | G6: 3 | H6: 3 | I6: 2 | J6: 3 | K6: 7 | L6: 7 | M6: 7 | N6: 7
F7: Summer N (feil) | G7: 4 | H7: 4 | I7: 5 | J7: 4 | K7: 0 | L7: 0 | M7: 0 | N7: 0

Sheet Case 3
B2: Modell 1 Zero-shot | F2: Modell 2 Few-shot
A3: ── Case 2 ── | B3: kjøring 1 | C3: kjøring 2 | D3: kjøring 3 | E3: kjøring 4 | F3: kjøring 1 | G3: kjøring 2 | H3: kjøring 3 | I3: kjøring 4
A4: Summer J (korrekt) | B4: 1 | C4: 2 | D4: 3 | E4: 2 | F4: 7 | G4: 6 | H4: 7 | I4: 5
A5: Summer N (feil) | B5: 6 | C5: 5 | D5: 4 | E5: 5 | F5: 0 | G5: 1 | H5: 0 | I5: 2

Sheet Analyse og resultater 
A1: Analyse – Delstudie 1: Origami | Precision per case og modell
B2: Case | C2: Modell | D2: Kjøring 1 | E2: Kjøring 2 | F2: Kjøring 3 | G2: Kjøring 4 | H2: Gj.snitt Precision | I2: Antall J totalt | J2: Antall N totalt | K2: Evaluerbare felt
B3: Case 1 | C3: Modell 1 Zero-shot | D3: =Rådata!D16 -> 0.57142857 | E3: =Rådata!E16 -> 0.42857143 | F3: =Rådata!F16 -> 0.42857143 | G3: =Rådata!G16 -> 0.42857143 | H3: =AVERAGE(D3:G3) -> 0.46428571 | I3: =Rådata!D13+Rådata!E13+Rådata!F13+Rådata!G13 -> 13 | J3: =Rådata!D14+Rådata!E14+Rådata!F14+Rådata!G14 -> 15 | K3: 7
B4: Case 1 | C4: Modell 1 Zero-shot | D4: =Rådata!D16 -> 0.57142857 | E4: =Rådata!E16 -> 0.42857143 | F4: =Rådata!F16 -> 0.42857143 | G4: =Rådata!G16 -> 0.42857143 | H4: =AVERAGE(D4:G4) -> 0.46428571 | I4: =Rådata!D13+Rådata!E13+Rådata!F13+Rådata!G13 -> 13 | J4: =Rådata!D14+Rådata!E14+Rådata!F14+Rådata!G14 -> 15 | K4: 7
B5: Case 1 | C5: Modell 1 Zero-shot | D5: =Rådata!D16 -> 0.57142857 | E5: =Rådata!E16 -> 0.42857143 | F5: =Rådata!F16 -> 0.42857143 | G5: =Rådata!G16 -> 0.42857143 | H5: =AVERAGE(D5:G5) -> 0.46428571 | I5: =Rådata!D13+Rådata!E13+Rådata!F13+Rådata!G13 -> 13 | J5: =Rådata!D14+Rådata!E14+Rådata!F14+Rådata!G14 -> 15 | K5: 7
B6: Case 1 | C6: Modell 1 Zero-shot | D6: =Rådata!D16 -> 0.57142857 | E6: =Rådata!E16 -> 0.42857143 | F6: =Rådata!F16 -> 0.42857143 | G6: =Rådata!G16 -> 0.42857143 | H6: =AVERAGE(D6:G6) -> 0.46428571 | I6: =Rådata!D13+Rådata!E13+Rådata!F13+Rådata!G13 -> 13 | J6: =Rådata!D14+Rådata!E14+Rådata!F14+Rådata!G14 -> 15 | K6: 7
B7: Case 1 | C7: Modell 1 Few-shot | D7: =Rådata!H16 -> 0.85714286 | E7: =Rådata!I16 -> 0.71428571 | F7: =Rådata!J16 -> 1 | G7: =Rådata!K16 -> 0.71428571 | H7: =AVERAGE(D7:G7) -> 0.82142857 | I7: =Rådata!H13+Rådata!I13+Rådata!J13+Rådata!K13 -> 23 | J7: =Rådata!H14+Rådata!I14+Rådata!J14+Rådata!K14 -> 5 | K7: 7
B8: Case 1 | C8: Modell 1 Few-shot | D8: =Rådata!H16 -> 0.85714286 | E8: =Rådata!I16 -> 0.71428571 | F8: =Rådata!J16 -> 1 | G8: =Rådata!K16 -> 0.71428571 | H8: =AVERAGE(D8:G8) -> 0.82142857 | I8: =Rådata!H13+Rådata!I13+Rådata!J13+Rådata!K13 -> 23 | J8: =Rådata!H14+Rådata!I14+Rådata!J14+Rådata!K14 -> 5 | K8: 7
B9: Case 1 | C9: Modell 1 Few-shot | D9: =Rådata!H16 -> 0.85714286 | E9: =Rådata!I16 -> 0.71428571 | F9: =Rådata!J16 -> 1 | G9: =Rådata!K16 -> 0.71428571 | H9: =AVERAGE(D9:G9) -> 0.82142857 | I9: =Rådata!H13+Rådata!I13+Rådata!J13+Rådata!K13 -> 23 | J9: =Rådata!H14+Rådata!I14+Rådata!J14+Rådata!K14 -> 5 | K9: 7
B10: Case 1 | C10: Modell 1 Few-shot | D10: =Rådata!H16 -> 0.85714286 | E10: =Rådata!I16 -> 0.71428571 | F10: =Rådata!J16 -> 1 | G10: =Rådata!K16 -> 0.71428571 | H10: =AVERAGE(D10:G10) -> 0.82142857 | I10: =Rådata!H13+Rådata!I13+Rådata!J13+Rådata!K13 -> 23 | J10: =Rådata!H14+Rådata!I14+Rådata!J14+Rådata!K14 -> 5 | K10: 7
B12: Case 2 | C12: Modell 1 Zero-shot | D12: =Rådata!D29 -> 0.42857143 | E12: =Rådata!E29 -> 0.42857143 | F12: =Rådata!F29 -> 0.28571429 | G12: =Rådata!G29 -> 0.42857143 | H12: =AVERAGE(D12:G12) -> 0.39285714 | I12: =Rådata!D26+Rådata!E26+Rådata!F26+Rådata!G26 -> 11 | J12: =Rådata!D27+Rådata!E27+Rådata!F27+Rådata!G27 -> 17 | K12: 7
B13: Case 2 | C13: Modell 1 Zero-shot | D13: =Rådata!D29 -> 0.42857143 | E13: =Rådata!E29 -> 0.42857143 | F13: =Rådata!F29 -> 0.28571429 | G13: =Rådata!G29 -> 0.42857143 | H13: =AVERAGE(D13:G13) -> 0.39285714 | I13: =Rådata!D26+Rådata!E26+Rådata!F26+Rådata!G26 -> 11 | J13: =Rådata!D27+Rådata!E27+Rådata!F27+Rådata!G27 -> 17 | K13: 7
B14: Case 2 | C14: Modell 1 Zero-shot | D14: =Rådata!D29 -> 0.42857143 | E14: =Rådata!E29 -> 0.42857143 | F14: =Rådata!F29 -> 0.28571429 | G14: =Rådata!G29 -> 0.42857143 | H14: =AVERAGE(D14:G14) -> 0.39285714 | I14: =Rådata!D26+Rådata!E26+Rådata!F26+Rådata!G26 -> 11 | J14: =Rådata!D27+Rådata!E27+Rådata!F27+Rådata!G27 -> 17 | K14: 7
B15: Case 2 | C15: Modell 1 Zero-shot | D15: =Rådata!D29 -> 0.42857143 | E15: =Rådata!E29 -> 0.42857143 | F15: =Rådata!F29 -> 0.28571429 | G15: =Rådata!G29 -> 0.42857143 | H15: =AVERAGE(D15:G15) -> 0.39285714 | I15: =Rådata!D26+Rådata!E26+Rådata!F26+Rådata!G26 -> 11 | J15: =Rådata!D27+Rådata!E27+Rådata!F27+Rådata!G27 -> 17 | K15: 7
B16: Case 2 | C16: Modell 1 Few-shot | D16: =Rådata!H29 -> 1 | E16: =Rådata!I29 -> 1 | F16: =Rådata!J29 -> 1 | G16: =Rådata!K29 -> 1 | H16: =AVERAGE(D16:G16) -> 1 | I16: =Rådata!H26+Rådata!I26+Rådata!J26+Rådata!K26 -> 28 | J16: =Rådata!H27+Rådata!I27+Rådata!J27+Rådata!K27 -> 0 | K16: 7
B17: Case 2 | C17: Modell 1 Few-shot | D17: =Rådata!H29 -> 1 | E17: =Rådata!I29 -> 1 | F17: =Rådata!J29 -> 1 | G17: =Rådata!K29 -> 1 | H17: =AVERAGE(D17:G17) -> 1 | I17: =Rådata!H26+Rådata!I26+Rådata!J26+Rådata!K26 -> 28 | J17: =Rådata!H27+Rådata!I27+Rådata!J27+Rådata!K27 -> 0 | K17: 7
B18: Case 2 | C18: Modell 1 Few-shot | D18: =Rådata!H29 -> 1 | E18: =Rådata!I29 -> 1 | F18: =Rådata!J29 -> 1 | G18: =Rådata!K29 -> 1 | H18: =AVERAGE(D18:G18) -> 1 | I18: =Rådata!H26+Rådata!I26+Rådata!J26+Rådata!K26 -> 28 | J18: =Rådata!H27+Rådata!I27+Rådata!J27+Rådata!K27 -> 0 | K18: 7
B19: Case 2 | C19: Modell 1 Few-shot | D19: =Rådata!H29 -> 1 | E19: =Rådata!I29 -> 1 | F19: =Rådata!J29 -> 1 | G19: =Rådata!K29 -> 1 | H19: =AVERAGE(D19:G19) -> 1 | I19: =Rådata!H26+Rådata!I26+Rådata!J26+Rådata!K26 -> 28 | J19: =Rådata!H27+Rådata!I27+Rådata!J27+Rådata!K27 -> 0 | K19: 7
B21: Case 3 | C21: Modell 1 Zero-shot | D21: =Rådata!D42 -> 0.14285714 | E21: =Rådata!E42 -> 0.28571429 | F21: =Rådata!F42 -> 0.42857143 | G21: =Rådata!G42 -> 0.28571429 | H21: =AVERAGE(D21:G21) -> 0.28571429 | I21: =Rådata!D39+Rådata!E39+Rådata!F39+Rådata!G39 -> 8 | J21: =Rådata!D40+Rådata!E40+Rådata!F40+Rådata!G40 -> 20 | K21: 7
B22: Case 3 | C22: Modell 1 Zero-shot | D22: =Rådata!D42 -> 0.14285714 | E22: =Rådata!E42 -> 0.28571429 | F22: =Rådata!F42 -> 0.42857143 | G22: =Rådata!G42 -> 0.28571429 | H22: =AVERAGE(D22:G22) -> 0.28571429 | I22: =Rådata!D39+Rådata!E39+Rådata!F39+Rådata!G39 -> 8 | J22: =Rådata!D40+Rådata!E40+Rådata!F40+Rådata!G40 -> 20 | K22: 7
B23: Case 3 | C23: Modell 1 Zero-shot | D23: =Rådata!D42 -> 0.14285714 | E23: =Rådata!E42 -> 0.28571429 | F23: =Rådata!F42 -> 0.42857143 | G23: =Rådata!G42 -> 0.28571429 | H23: =AVERAGE(D23:G23) -> 0.28571429 | I23: =Rådata!D39+Rådata!E39+Rådata!F39+Rådata!G39 -> 8 | J23: =Rådata!D40+Rådata!E40+Rådata!F40+Rådata!G40 -> 20 | K23: 7
B24: Case 3 | C24: Modell 1 Zero-shot | D24: =Rådata!D42 -> 0.14285714 | E24: =Rådata!E42 -> 0.28571429 | F24: =Rådata!F42 -> 0.42857143 | G24: =Rådata!G42 -> 0.28571429 | H24: =AVERAGE(D24:G24) -> 0.28571429 | I24: =Rådata!D39+Rådata!E39+Rådata!F39+Rådata!G39 -> 8 | J24: =Rådata!D40+Rådata!E40+Rådata!F40+Rådata!G40 -> 20 | K24: 7
B25: Case 3 | C25: Modell 1 Few-shot | D25: =Rådata!H42 -> 1 | E25: =Rådata!I42 -> 0.85714286 | F25: =Rådata!J42 -> 1 | G25: =Rådata!K42 -> 0.71428571 | H25: =AVERAGE(D25:G25) -> 0.89285714 | I25: =Rådata!H39+Rådata!I39+Rådata!J39+Rådata!K39 -> 25 | J25: =Rådata!H40+Rådata!I40+Rådata!J40+Rådata!K40 -> 3 | K25: 7
B26: Case 3 | C26: Modell 1 Few-shot | D26: =Rådata!H42 -> 1 | E26: =Rådata!I42 -> 0.85714286 | F26: =Rådata!J42 -> 1 | G26: =Rådata!K42 -> 0.71428571 | H26: =AVERAGE(D26:G26) -> 0.89285714 | I26: =Rådata!H39+Rådata!I39+Rådata!J39+Rådata!K39 -> 25 | J26: =Rådata!H40+Rådata!I40+Rådata!J40+Rådata!K40 -> 3 | K26: 7
B27: Case 3 | C27: Modell 1 Few-shot | D27: =Rådata!H42 -> 1 | E27: =Rådata!I42 -> 0.85714286 | F27: =Rådata!J42 -> 1 | G27: =Rådata!K42 -> 0.71428571 | H27: =AVERAGE(D27:G27) -> 0.89285714 | I27: =Rådata!H39+Rådata!I39+Rådata!J39+Rådata!K39 -> 25 | J27: =Rådata!H40+Rådata!I40+Rådata!J40+Rådata!K40 -> 3 | K27: 7
B28: Case 3 | C28: Modell 1 Few-shot | D28: =Rådata!H42 -> 1 | E28: =Rådata!I42 -> 0.85714286 | F28: =Rådata!J42 -> 1 | G28: =Rådata!K42 -> 0.71428571 | H28: =AVERAGE(D28:G28) -> 0.89285714 | I28: =Rådata!H39+Rådata!I39+Rådata!J39+Rådata!K39 -> 25 | J28: =Rådata!H40+Rådata!I40+Rådata!J40+Rådata!K40 -> 3 | K28: 7
A31: Samlet gjennomsnitt per modell
C32: Modell 1 Zero-shot | H32: =AVERAGE(H3,H4,H5,H6,H12,H13,H14,H15,H21,H22,H23,H24) -> 0.38095238
C33: Modell 1 Few-shot | H33: =AVERAGE(H7,H8,H9,H10,H16,H17,H18,H19,H25,H26,H27,H28) -> 0.9047619

Sheet Instruksjoner
B1: Instruksjoner for utfylling
B3: 1. Gå til fanen «Rådata»
B4: 2. Fyll inn J (korrekt) eller N (feil) i de gule inputcellene for hver kjøring
B5: 4. Precision % beregnes automatisk per kjøring og modell basert på COUNTIF-formler
B6: 5. Gå til fanen «Analyse og resultater» for å se gjennomsnittlig Precision per case, modell og samlet
B8: Feltstruktur per case (7):
B9: §11-2: Risikoklasse (prompt 1)
B10: §11-3: Brannklasse (prompt 2)
B11: §11-4: Bærende Hovedsystem (prompt 3)
B12: §11-4: Sekundære bærende bygningsdeler mv. (prompt 4)
B13: §11-4: Trappeløp (prompt 5)
B14: §11-4: Bærende bygningsdeler under øverste kjeller (prompt 6)
B15: §11-4: Utvendig trappeløp, beskyttet mot flammepåvirkning og strålevarme (prompt 7)
